reason,name,primary_type,address,website
out-of-area,"2546 Cafe","chinese_restaurant","2546 San Bruno Ave, San Francisco, CA 94134, USA",
out-of-area,"AC Lounge","lounge_bar","1333 Veterans Blvd, South San Francisco, CA 94080, USA","https://www.marriott.com/hotels/hotel-information/restaurant/sfoya-ac-hotel-san-francisco-airport-oyster-point-waterfront/"
out-of-area,"After Hours Ramen","ramen_restaurant","3044 Taraval St, San Francisco, CA 94116, USA","http://www.afterhoursramen.com/"
out-of-area,"American Relations","vietnamese_restaurant","103 Fir Ave, South San Francisco, CA 94080, USA","https://www.americanrelations.uk/"
out-of-area,"Amoura","restaurant","713 Linden Ave, South San Francisco, CA 94080, USA","http://www.amourasf.com/"
out-of-area,"B&J Burgers","american_restaurant","6202 3rd St, San Francisco, CA 94124, USA","https://www.bandjburgers.com/"
out-of-area,"Baby's Eatery & Palabok","filipino_restaurant","4609 Mission St, San Francisco, CA 94112, USA",
out-of-area,"Banh Mi & Rolls","vietnamese_restaurant","2646 San Bruno Ave, San Francisco, CA 94134, USA","https://www.banhmiandrollsfactory.com/Home"
out-of-area,"Basque Cultural Center","basque_restaurant","599 Railroad Ave, South San Francisco, CA 94080, USA","http://www.basqueculturalcenter.com/"
out-of-area,"BayArea Homemade","filipino_restaurant","621 Hillside Blvd, South San Francisco, CA 94080, USA","https://www.facebook.com/BayAreaRuby"
out-of-area,"BeauTea","tea_house","375 Grand Ave, South San Francisco, CA 94080, USA","http://beauteassfca.com/"
out-of-area,"Beijing Restaurant","chinese_restaurant","1801 Alemany Blvd, San Francisco, CA 94112, USA","https://www.beijingfoodsf.com/"
out-of-area,"Ben Tre Restaurant","vietnamese_restaurant","398 Grand Ave, South San Francisco, CA 94080, USA","http://www.bentrerestaurant.com/"
out-of-area,"Bluegrain Sandwich Market","restaurant","101 Oyster Point Blvd #105, South San Francisco, CA 94080, USA","https://www.bluegrainsandwich.com/"
out-of-area,"Boracay Garden & Grill","filipino_restaurant","269 El Camino Real, South San Francisco, CA 94080, USA","https://www.boracayrestaurant.com/"
out-of-area,"Bottoms Up Bar & Lounge","bar","4704 Mission St, San Francisco, CA 94112, USA","http://bottomsupsf.com/"
out-of-area,"Brisbane Lunch Truck","american_restaurant","3501 Bayshore Blvd, Brisbane, CA 94005, USA","https://www.brisbanelunchtruck.com/"
out-of-area,"Brothers Cafe","american_restaurant","382 Grand Ave, South San Francisco, CA 94080, USA","http://brotherscafes.com/"
out-of-area,"Brothers Pizza","pizza_restaurant","3627 Taraval St #3629, San Francisco, CA 94116, USA","http://brotherspizzasfca.com/"
out-of-area,"Buona italia caffe","italian_restaurant","1610 Francisco Blvd, Pacifica, CA 94044, USA","https://buonaitaliacaffeca.com/"
out-of-area,"Camelot Fish and Chips","fish_and_chips_restaurant","70 W Manor Dr, Pacifica, CA 94044, USA","http://www.camelotfishandchips.com/"
out-of-area,"Chef Hunan","chinese_restaurant","4661 Mission St, San Francisco, CA 94112, USA",
out-of-area,"Chef Li's Cafe Hk B.B.Q","chinese_restaurant","2726 San Bruno Ave, San Francisco, CA 94134, USA","https://www.chefliscafeca.com/"
out-of-area,"Cheung Hing BBQ Seafood","chinese_restaurant","333 Grand Ave, South San Francisco, CA 94080, USA","https://smorefood.com/order-online/cheung-hing-bbq-seafood-south-san-francisco-94080-yerrnsx2?utm_source=gmb&utm_medium=website"
out-of-area,"Chico Marx","latin_american_restaurant","2 Tower Pl, South San Francisco, CA 94080, USA","https://www.chicomarxssf.com/"
out-of-area,"Chowking","chinese_restaurant","3589 Callan Blvd, South San Francisco, CA 94080, USA","https://locations.chowkingusa.com/ca/south-san-francisco/3589-callan-blvd?utm_medium=organic&utm_source=local&utm_campaign=googlelistings&utm_content=website&utm_term=1361755"
out-of-area,"Cochinita","mexican_restaurant","334 Grand Ave, South San Francisco, CA 94080, USA","http://www.cochinitasf.com/"
out-of-area,"Cocina Milonga","argentinian_restaurant","308 Alida Way, South San Francisco, CA 94080, USA","https://www.cocinamilonga.com/"
out-of-area,"Colombo's Deli","deli","484 Manor Plaza, Pacifica, CA 94044, USA","https://www.colombosdeli.com/"
out-of-area,"Crispy Town","filipino_restaurant","3545 Callan Blvd, South San Francisco, CA 94080, USA",
out-of-area,"Curry Pizza House South San Francisco","pizza_restaurant","415 Grand Ave, South San Francisco, CA 94080, USA","https://currypizzahouse.com/locations/south-san-francisco-2/"
out-of-area,"Cypress Grill","american_restaurant","99 Harding Rd, San Francisco, CA 94132, USA","https://tpc.com/hardingpark/dining/"
out-of-area,"Dim Sum King","dim_sum_restaurant","4675 Mission St, San Francisco, CA 94112, USA","https://dimsumkingsf.com/"
out-of-area,"Dim Sum Kitchen Express","chinese_restaurant","2520 San Bruno Ave, San Francisco, CA 94134, USA",
out-of-area,"Drew's Barbecue","barbecue_restaurant","101 Hahn St, San Francisco, CA 94134, USA",
out-of-area,"Eggettes","tea_house","639 El Camino Real, South San Francisco, CA 94080, USA","http://eggettes.com/"
out-of-area,"El Faro's Mexican Food","mexican_restaurant","435 El Camino Real, South San Francisco, CA 94080, USA","http://elfarosmexicanfood.site/"
out-of-area,"El Gran Taco Loco","mexican_restaurant","4591 Mission St, San Francisco, CA 94112, USA","https://www.elgrantacoloco.com/"
out-of-area,"Fairway Cocktail Lounge","bar","900 El Camino Real, South San Francisco, CA 94080, USA",
out-of-area,"Fat Beli Deli","deli","2598 San Bruno Ave, San Francisco, CA 94134, USA","http://www.fatbelideli.com/"
out-of-area,"Focaccia Reserve Inc","restaurant","1 Tower Pl, South San Francisco, CA 94080, USA","https://www.focaccia.com/"
out-of-area,"Foundry & Lux","american_restaurant","151 Oyster Point Blvd, South San Francisco, CA 94080, USA","http://www.foundryandlux.com/"
out-of-area,"Fun Tea House","restaurant","2891 San Bruno Ave, San Francisco, CA 94134, USA","http://www.funteahouse.com/"
out-of-area,"Galinette","french_restaurant","3554-3560 Taraval St, San Francisco, CA 94116, USA","https://www.galinettesf.com/"
out-of-area,"Genesis Marina Marketplace","restaurant","3500 Marina Blvd Ste 230, Brisbane, CA 94005, USA","https://www.marina-marketplace.com/"
out-of-area,"Grand Palace Seafood Restaurant 富源酒家","dim_sum_restaurant","359 Grand Ave, South San Francisco, CA 94080, USA","https://grandpalaceseafoodrestaurant.com/?utm_source=google"
out-of-area,"Great Steak","american_restaurant","3251 20th Ave Spc 25E, San Francisco, CA 94132, USA","https://www.thegreatsteak.com/stores/7232?utm_source=gmb&utm_medium=gmb&utm_campaign=gmb&utm_id=gmb"
out-of-area,"Grill City","filipino_restaurant","3573 Callan Blvd, South San Francisco, CA 94080, USA","http://www.grillcity.com/"
out-of-area,"Grill Kebabs and Gyros","restaurant","385 Grand Ave, South San Francisco, CA 94080, USA","http://grillkebabsgyrosmenu.com/"
out-of-area,"Guapas Mexican Grill","mexican_restaurant","101 Oyster Point Blvd suite 106, South San Francisco, CA 94080, USA","http://www.guapasmexicangrill.com/"
out-of-area,"Gunter's Restaurant","american_restaurant","1057 El Camino Real, South San Francisco, CA 94080, USA",
out-of-area,"Hawaiian Drive Inn","hawaiian_restaurant","2600 San Bruno Ave, San Francisco, CA 94134, USA","http://hawaiiandriveinn.com/"
out-of-area,"Hidden Spot - EXL","restaurant","4528 Mission St, San Francisco, CA 94112, USA","https://hiddenspot.online/"
out-of-area,"Hidden Tap and Barrel South San Francisco","bar","415 Grand Ave, South San Francisco, CA 94080, USA","https://untappd.com/v/hidden-tap-and-barrel-south-sf/13308894"
out-of-area,"Hing Lung Cafe","chinese_restaurant","331 Grand Ave, South San Francisco, CA 94080, USA",
out-of-area,"Hong Kong BBQ Restaurant","chinese_restaurant","2728 San Bruno Ave, San Francisco, CA 94134, USA",
out-of-area,"Hot Dog Bills","restaurant","599 CA-35, San Francisco, CA 94132, USA","https://www.hotdogbills.com/"
out-of-area,"Ichika Sushi House","sushi_restaurant","118 Old County Rd, Brisbane, CA 94005, USA","http://ichikasushi.com/"
out-of-area,"Imperial Garden Seafood Restaurant","chinese_restaurant","2626 San Bruno Ave, San Francisco, CA 94134, USA","https://imperialgardensf.com/?utm_source=google"
out-of-area,"Industry Pizza","pizza_restaurant","386 Grand Ave, South San Francisco, CA 94080, USA","http://industrypizzassf.com/"
out-of-area,"Karilagan","filipino_restaurant","1129 El Camino Real, South San Francisco, CA 94080, USA","http://www.karilagan.com/"
out-of-area,"Kevin’s Noodle House","vietnamese_restaurant","337 Grand Ave, South San Francisco, CA 94080, USA","https://kevinsnoodlehouse.com/"
out-of-area,"Kitten & Pinky","restaurant","1715 Palmetto Ave, Pacifica, CA 94044, USA","https://kittenandpinky.carrd.co/"
out-of-area,"Kizuki Ramen & Izakaya（Stonestown Galleria）","restaurant","3251 20th Ave #172, San Francisco, CA 94132, USA","https://www.kizuki.com/"
out-of-area,"Krispy Krunchy Chicken","chicken_restaurant","812 Linden Ave, South San Francisco, CA 94080, USA","https://locations.krispykrunchy.com/ca/south-san-francisco/812-linden-ave"
out-of-area,"L & D Catering and Bistro","bistro","110 Old County Rd, Brisbane, CA 94005, USA","http://www.ldcatering.com/"
out-of-area,"La cocina de Angy","mexican_restaurant","3500 Marina Blvd, Brisbane, CA 94005, USA","https://www.lacocinadeangy.com/"
out-of-area,"La Colonia","restaurant","6275 3rd St, San Francisco, CA 94124, USA","https://lacoloniasf.com/"
out-of-area,"La Torta Sabrosa","mexican_restaurant","439 Grand Ave, South San Francisco, CA 94080, USA","https://www.latortasabrosasf.com/"
out-of-area,"Laughing Monk Brewing","brewery","1439 Egbert Ave unit a/b, San Francisco, CA 94124, USA","http://taproom.laughingmonk.com/"
out-of-area,"Little Green Cyclo","vietnamese_restaurant","2000 Sierra Point Pkwy, Brisbane, CA 94005, USA","http://littlegreencyclo.com/"
out-of-area,"Los Planes De Renderos","restaurant","12 Persia Ave, San Francisco, CA 94112, USA","http://losplanesderenderossf.com/?mibextid=Zxz2cZ"
out-of-area,"Lucky House Restaurant","chinese_restaurant","148 Visitacion Ave, Brisbane, CA 94005, USA","https://luckyhousebrisbane.com/"
out-of-area,"Marthita's","mexican_restaurant","1401 Egbert Ave, San Francisco, CA 94124, USA",
out-of-area,"Marugame Udon","japanese_restaurant","3251 20th Ave, San Francisco, CA 94132, USA","https://www.marugameudon.com/?olonwp=JjBtp_vMLk25gkYh_bnoiQ"
out-of-area,"Max's Restaurant South San Francisco, Cuisine of the Philippines","filipino_restaurant","1155 El Camino Real, South San Francisco, CA 94080, USA","https://www.maxsrestaurantna.com/"
out-of-area,"Mexico Tipico","mexican_restaurant","4581 Mission St, San Francisco, CA 94112, USA","https://mexicotipico.net/"
out-of-area,"Mi Lindo Consuelo","mexican_restaurant","187 Lobos St, San Francisco, CA 94112, USA","https://milindoconsuelo.online/"
out-of-area,"Mike & Ken's Deli","deli","1031 Airport Blvd, South San Francisco, CA 94080, USA",
out-of-area,"Ming Hing Restaurant","chinese_restaurant","2550 San Bruno Ave, San Francisco, CA 94134, USA","https://www.minghingrestaurant.com/"
out-of-area,"Mom's Tofu House","korean_restaurant","415 Grand Ave Ste 001, South San Francisco, CA 94080, USA","https://ssf.momstofu.com/"
out-of-area,"Montecristo","restaurant","6286 3rd St, San Francisco, CA 94124, USA",
out-of-area,"NAR Doner & Grill","turkish_restaurant","3251 20th Ave, San Francisco, CA 94132, USA","https://www.nardonersf.com/"
out-of-area,"Nashville Hot Chicken","restaurant","899 Airport Blvd, South San Francisco, CA 94080, USA","https://hotchicken.org/"
out-of-area,"Nation's Giant Hamburgers & Great Pies","restaurant","925 El Camino Real, South San Francisco, CA 94080, USA","https://nationsrestaurants.com/"
out-of-area,"New Dragon Garden","chinese_restaurant","136 Hazelwood Dr, South San Francisco, CA 94080, USA","https://www.newdragongardenca.com/?utm_source=gmb&utm_medium=website"
out-of-area,"Nick The Greek","greek_restaurant","101 Oyster Point Blvd Suite 104, South San Francisco, CA 94080, USA","http://www.nickthegreek.com/?utm_source=cumulus&utm_medium=onlinepresence&utm_campaign=gbp"
out-of-area,"North Beach Pizza","pizza_restaurant","3054 Taraval St, San Francisco, CA 94116, USA","https://www.northbeachpizzasanfrancisco.com/"
out-of-area,"Oasis Vietnamese Cuisine","vietnamese_restaurant","549 Oceana Blvd suite b, Pacifica, CA 94044, USA","https://oasisvietnamesecui.wixsite.com/oasis-vietnamese-cui"
out-of-area,"Ocean Fish Sushi & Grill","japanese_restaurant","455 Oceana Blvd, Pacifica, CA 94044, USA","https://www.oceanfishsushipacifica.com/"
out-of-area,"Old Mandarin Islamic Restaurant","chinese_restaurant","3132 Vicente St, San Francisco, CA 94116, USA","http://www.oldmandarinislamic.com/"
out-of-area,"Ongpin Restaurant","filipino_restaurant","73 Camaritas Ave, South San Francisco, CA 94080, USA","http://www.ongpin.com/"
out-of-area,"Onigilly - Stonestown","japanese_restaurant","3251 20th Ave, San Francisco, CA 94132, USA","https://onigilly.com/order/onigilly-stonestown"
out-of-area,"Ono Hawaiian BBQ","hawaiian_restaurant","1501 Sloat Blvd Suite A, San Francisco, CA 94132, USA","http://www.onobbq.com/"
out-of-area,"Out The Road","bar","2636 San Bruno Ave, San Francisco, CA 94134, USA","http://www.outtheroadsf.com/"
out-of-area,"Pasquale's Pizzeria Restaurant","pizza_restaurant","2640 Sloat Blvd, San Francisco, CA 94116, USA",
out-of-area,"Pho Golden","vietnamese_restaurant","4683 Mission St, San Francisco, CA 94112, USA","https://www.phogoldenca.com/"
out-of-area,"Phở No 1","vietnamese_restaurant","2571 San Bruno Ave, San Francisco, CA 94134, USA","https://orderphono1.com/"
out-of-area,"Pho Saigon","vietnamese_restaurant","2280 Westborough Blvd, South San Francisco, CA 94080, USA",
out-of-area,"Pit Stop Boba Shop","tea_house","2300 Westborough Blvd, South San Francisco, CA 94080, USA","https://pitstopbobashop.square.site/"
out-of-area,"Poke Bowl","hawaiian_restaurant","3251 20th Ave, San Francisco, CA 94132, USA","https://thepokebowls.com/"
out-of-area,"Pupusería Ilobasco","restaurant","2680 San Bruno Ave, San Francisco, CA 94134, USA",
out-of-area,"Quickly","tea_house","3251 20th Ave #160, San Francisco, CA 94132, USA","http://www.quicklyusa.com/quicklystores.html"
out-of-area,"Ramen House","ramen_restaurant","2623 San Bruno Ave, San Francisco, CA 94134, USA","https://ramenhouseca.com/"
out-of-area,"Rancho Las Trancas","mexican_restaurant","792 El Camino Real, South San Francisco, CA 94080, USA",
out-of-area,"Raymond's Chinese Restaurant","chinese_restaurant","1709 Palmetto Ave, Pacifica, CA 94044, USA","https://raymondpacifica.com/"
out-of-area,"Recovery Room","bar","4528 Mission St, San Francisco, CA 94112, USA",
out-of-area,"Reina's Restaurant","restaurant","5479 Mission St, San Francisco, CA 94112, USA","https://www.reinasrestaurant.com/"
out-of-area,"Rocks Den","bar","4753 Mission St, San Francisco, CA 94112, USA","http://www.rocksden.com/"
out-of-area,"Rooster & Rice","restaurant","3251 20th Ave, San Francisco, CA 94132, USA","https://www.roosterandrice.com/"
out-of-area,"Round N Round Pot","hot_pot_restaurant","182 Old County Rd, Brisbane, CA 94005, USA",
out-of-area,"Round1 Bowling & Arcade - San Francisco","amusement_center","285 Winston Dr Space No. B1, San Francisco, CA 94132, USA","https://www.round1usa.com/"
out-of-area,"Sassy Foods","vegan_restaurant","2626 San Bruno Ave, San Francisco, CA 94134, USA","http://imperialgardensf.com/"
out-of-area,"Secret Wine Bar","wine_bar","415 Grand Ave, South San Francisco, CA 94080, USA","http://www.sanfranciscowineschool.com/winebar"
out-of-area,"Shihlin Taiwan Street Snacks","taiwanese_restaurant","3251 20th Ave # 250G, San Francisco, CA 94132, USA","https://www.shihlinca.com/locations"
out-of-area,"Sippin Wine Bar","wine_bar","4704 Mission St, San Francisco, CA 94112, USA","https://www.sippinsf.com/"
out-of-area,"Sky Dragon","chinese_restaurant","117 Southwood Center, South San Francisco, CA 94080, USA",
out-of-area,"Sofra Grill","mediterranean_restaurant","132 Hazelwood Dr, South San Francisco, CA 94080, USA","http://sofragrills.com/"
out-of-area,"Specialty's Café & Bakery","american_restaurant","880 Sierra Point Pkwy, Brisbane, CA 94005, USA","http://specialtys.com/"
out-of-area,"Speedy's Pizza & Grill","italian_restaurant","687 El Camino Real, South San Francisco, CA 94080, USA","https://www.speedyspizzagrill.com/?utm_source=gbp"
out-of-area,"Starbird Chicken","restaurant","988 El Camino Real Suite 2, South San Francisco, CA 94080, USA","https://www.starbirdchicken.com/"
out-of-area,"Sunset's Best Seafood Restaurant","seafood_restaurant","3060 Taraval St, San Francisco, CA 94116, USA",
out-of-area,"Sunshine Wheat Field Dim Sum","dim_sum_restaurant","2668 San Bruno Ave, San Francisco, CA 94134, USA",
out-of-area,"Surf Lounge","cocktail_bar","77 Bill Drake Way, Pacifica, CA 94044, USA","http://pacificasurflounge.com/"
out-of-area,"TacoMania (San Francisco)","taco_restaurant","3251 20th Ave #2501, San Francisco, CA 94116, USA","https://tacomaniainc.com/tacomaniasanfrancisco3521?utm_source=google"
out-of-area,"Tala Wine","wine_bar","4625 Mission St, San Francisco, CA 94112, USA","https://www.tala.wine/"
out-of-area,"Tam's Cuisine of China","chinese_restaurant","494 Manor Plaza, Pacifica, CA 94044, USA","http://www.tamscuisine.com/"
out-of-area,"Tang Bar","hot_pot_restaurant","3251 20th Ave Second Floor, San Francisco, CA 94132, USA","http://tangbar.us/"
out-of-area,"Taquería La Perla","restaurant","330 Palmetto Ave ste a, Pacifica, CA 94044, USA","https://www.laperlapacifica.com/"
out-of-area,"Techalla BBQ & Grill","restaurant","294 Industrial Way, Brisbane, CA 94005, USA","http://techallabbqngrill.com/"
out-of-area,"The Check-In Lounge","cocktail_bar","201 Ocean Ave, San Francisco, CA 94112, USA","http://checkinsf.com/"
out-of-area,"The Garden Club","american_restaurant","1144 Mission Rd, South San Francisco, CA 94080, USA","https://www.gardenclubrestaurant.com/"
out-of-area,"The Green Enchilada","mexican_restaurant","444 Manor Plaza, Pacifica, CA 94044, USA","http://www.thegreenenchilada.com/"
out-of-area,"The Halfway Club","american_restaurant","1166 Geneva Ave, San Francisco, CA 94112, USA","https://www.halfwayclub.com/"
out-of-area,"The Parlour House @Brisbane","restaurant","301 Visitacion Ave, Brisbane, CA 94005, USA","http://www.theparlourhousebrisbane.com/"
out-of-area,"The Riptide","bar","3639 Taraval St, San Francisco, CA 94116, USA","http://www.riptidesf.com/"
out-of-area,"The Salad Place","salad_shop","400 London St, San Francisco, CA 94112, USA","https://www.thesaladplaceca.com/"
out-of-area,"The Station Cafe","pizza_restaurant","1 Zoo Rd, San Francisco, CA 94132, USA","https://www.sfzoo.org/dining/"
out-of-area,"The Village Market & Pizza","pizza_restaurant","Village At Centennial Square, 750 Font Blvd, San Francisco, CA 94132, USA",
out-of-area,"Top Pot","restaurant","63 Bill Drake Way, Pacifica, CA 94044, USA",
out-of-area,"Truffle Poké Bar","hawaiian_restaurant","101 Oyster Point Blvd # 107, South San Francisco, CA 94080, USA","http://trufflepokebar.com/"
out-of-area,"Two Jack's Seafood","seafood_restaurant","984 Gilman Ave, San Francisco, CA 94124, USA","http://www.twojacksniksplace.com/"
out-of-area,"Ulisess CATERING","catering_service","706 Athens St, San Francisco, CA 94112, USA","http://www.ulisesscatering.com/"
out-of-area,"Underdogs Too","mexican_restaurant","3600 Taraval St, San Francisco, CA 94116, USA","http://www.underdogstoo.com/?y_source=1_MTQ3MjMwNzMtNzE1LWxvY2F0aW9uLndlYnNpdGU%3D"
out-of-area,"Villa Del Sol Argentinian Restaurant","argentinian_restaurant","423 Grand Ave, South San Francisco, CA 94080, USA",
out-of-area,"Viva Italiano Pizzeria & Restaurant","italian_restaurant","67 Bill Drake Way, Pacifica, CA 94044, USA","https://www.vivaitalianopizzeria.com/"
out-of-area,"Wawona Gates Outdoor Dining with Full Bar (United Irish Cultural Center)","bar_and_grill","Parking lot, 2700 45th Ave, San Francisco, CA 94116, USA","http://irishcentersf.org/"
out-of-area,"White Cap","cocktail_bar","3608 Taraval St, San Francisco, CA 94116, USA","http://whitecapsf.com/"
out-of-area,"Win's Restaurant","chinese_restaurant","3040 Taraval St, San Francisco, CA 94116, USA","http://winsrestaurantsf.com/"
out-of-area,"Winters Tavern","bar","1522 Francisco Blvd, Pacifica, CA 94044, USA","http://www.winterstavern.com/"
out-of-area,"ZaZa Grill","turkish_restaurant","446 Manor Plaza, Pacifica, CA 94044, USA","http://www.zazagrill.com/"
low-signal,"2901 club","bar","2901 San Bruno Ave, San Francisco, CA 94134, USA",
low-signal,"4650 Mission St Parking","bar","4650 Mission St, San Francisco, CA 94112, USA",
low-signal,"Antojitos La Loma","restaurant","6005 Mission St, Daly City, CA 94014, USA",
low-signal,"Antojitos Mexicanos la costeñita","restaurant","1408 Bancroft Ave, San Francisco, CA 94124, USA",
low-signal,"Bloom Tea","tea_house","2665 Geneva Ave, Daly City, CA 94014, USA",
low-signal,"Burger Blvd","restaurant","1624 Francisco Blvd, Pacifica, CA 94044, USA",
low-signal,"CH Imperial Garden","chinese_restaurant","950 King Dr #100, Daly City, CA 94015, USA",
low-signal,"Daly City","chinese_restaurant","209 Southgate Ave, Daly City, CA 94015, USA",
low-signal,"El Mateo","bar","577 Templeton Ave, Daly City, CA 94014, USA",
low-signal,"El Trebol Sports Bar #4","bar","2888 San Bruno Ave, San Francisco, CA 94134, USA",
low-signal,"Fiesta Chapina","restaurant","7384 Mission St, Daly City, CA 94014, USA",
low-signal,"Garcia's Cocina","restaurant","Galway Dr &, Wright Ct, South San Francisco, CA 94080, USA",
low-signal,"Geneva Pub","pub","1196 Geneva Ave, San Francisco, CA 94112, USA",
low-signal,"Grill City","barbecue_restaurant","27 St Francis Square, Daly City, CA 94015, USA",
low-signal,"Grills","restaurant","Avalon Park, 324 Avalon Dr, South San Francisco, CA 94080, USA",
low-signal,"La Espiga de Oro #2","restaurant","4615 Mission St, San Francisco, CA 94112, USA",
low-signal,"Lacaze Gourmet Burger","restaurant","6019 Mission St, Daly City, CA 94014, USA",
low-signal,"LAFFA FALAFEL","restaurant","665 El Camino Real, South San Francisco, CA 94080, USA",
low-signal,"Mariscos El Pariente","mexican_restaurant","200 Hillside Blvd, South San Francisco, CA 94080, USA",
low-signal,"Philippine Delicacies","filipino_restaurant","5609 Mission St, San Francisco, CA 94112, USA",
low-signal,"Picnic table","restaurant","102 Palisades Dr, Daly City, CA 94015, USA",
low-signal,"Potato Meets Wing","restaurant","3251 20th Ave Food Court #6501, San Francisco, CA 94132, USA",
low-signal,"SAM'S SANDWICHES & COFFEE","restaurant","Daly City, CA 94015, USA",
low-signal,"Shirly Arepas","restaurant","667 Park Plaza Dr, Daly City, CA 94015, USA",
low-signal,"Taco Jalisco","mexican_restaurant","1057 El Camino Real, South San Francisco, CA 94080, USA",
low-signal,"Taco N'Madre","taco_restaurant","2900 Alemany Blvd, San Francisco, CA 94112, USA",
low-signal,"Tacos Jalisco","taco_restaurant","1200 El Camino Real, Colma, CA 94014, USA",
low-signal,"The 346 LONCHERA","mexican_restaurant","147-1 Ponderosa Rd, South San Francisco, CA 94080, USA",
low-signal,"Yo-Kai Express","asian_restaurant","630 El Camino Real, South San Francisco, CA 94080, USA",
low-signal,"朝粵軒","chinese_restaurant","950 King Dr #100, Daly City, CA 94015, USA",
low-signal,"鲜味鍋","restaurant","182 Old County Rd, Brisbane, CA 94005, USA",
chain,"Blaze Pizza","pizza_restaurant","3251 20th Ave, San Francisco, CA 94132, USA","https://locations.blazepizza.com/ca/san-francisco/3251-20th-ave?utm_source=gmb&utm_medium=yext"
chain,"Chipotle Mexican Grill","mexican_restaurant","213 Westlake Center, Daly City, CA 94015, USA","https://locations.chipotle.com/ca/daly-city/213-westlake-ctr?utm_source=google&utm_medium=yext&utm_campaign=yext_listings?restaurant=1102"
chain,"Chipotle Mexican Grill","mexican_restaurant","3251 20th Ave Space OP183, San Francisco, CA 94132, USA","https://locations.chipotle.com/ca/san-francisco/3251-20th-ave?utm_source=google&utm_medium=yext&utm_campaign=yext_listings?restaurant=2080"
chain,"IHOP","breakfast_restaurant","2398 Junipero Serra Blvd, Daly City, CA 94015, USA","https://restaurants.ihop.com/en-us/ca/daly-city/breakfast-2398-junipero-serra-blvd-1709?utm_source=google&utm_medium=organic&utm_campaign=google_my_business&utm_term=1709&utm_content=website"
chain,"Jollibee","chicken_restaurant","3543 Callan Blvd, South San Francisco, CA 94080, USA","https://locations.jollibeefoods.com/usa/ca/south-san-francisco/3543-callan-blvd?utm_medium=organic&utm_source=local&utm_campaign=googlelistings&utm_content=website&utm_term=3022"
chain,"Jollibee","chicken_restaurant","84 Serramonte Center Suite J700, Daly City, CA 94015, USA","https://locations.jollibeefoods.com/usa/ca/daly-city/84-serramonte-center?utm_medium=organic&utm_source=local&utm_campaign=googlelistings&utm_content=website&utm_term=3061"
chain,"KFC","chicken_restaurant","287 Westmoor Ave, Daly City, CA 94015, USA","https://locations.kfc.com/ca/daly-city/287-westmoor-ave"
chain,"KFC","chicken_restaurant","2815 Geneva Ave, Daly City, CA 94014, USA","https://locations.kfc.com/ca/daly-city/2815-geneva-avenue"
chain,"Little Caesars Pizza","pizza_restaurant","1000 King Dr, Daly City, CA 94015, USA","https://littlecaesars.com/en-us/store/8849"
chain,"MOD Pizza","pizza_restaurant","127 Serramonte Center Suite 660, Daly City, CA 94015, USA","https://locations.modpizza.com/usa/ca/daly-city/127-serramonte-center?utm_source=google&utm_medium=yext"
chain,"Panda Express","chinese_restaurant","86 Serramonte Center #703, Daly City, CA 94015, USA","https://www.pandaexpress.com/locations/ca/daly-city/417?utm_source=google_gbp&utm_medium=organic&utm_campaign=websitelink"
chain,"Panda Express","chinese_restaurant","701 Westlake Center, Daly City, CA 94015, USA","https://www.pandaexpress.com/locations/ca/daly-city/2212?utm_source=google_gbp&utm_medium=organic&utm_campaign=websitelink"
chain,"Panda Express","chinese_restaurant","3251 20th Ave #250h, San Francisco, CA 94132, USA","https://www.pandaexpress.com/locations/ca/san-francisco/112?utm_source=google_gbp&utm_medium=organic&utm_campaign=websitelink"
chain,"Pizza Hut Express","pizza_restaurant","233 Winston Dr, San Francisco, CA 94132, USA","https://locations.pizzahut.com/ca/san-francisco/233-winston-dr?utm_medium=organic&utm_source=local&utm_campaign=googlelistings&utm_content=website&utm_term=315868"
chain,"Popeyes Louisiana Kitchen","restaurant","362 E Market St, Daly City, CA 94014, USA","https://www.popeyes.com/store-locator/store/restaurant_238167"
chain,"Round Table Pizza","pizza_restaurant","20 Chestnut Ave, South San Francisco, CA 94080, USA","https://www.roundtablepizza.com/?olonwp=JjBtp_vMLk25gkYh_bnoiQ"
chain,"Round Table Pizza","pizza_restaurant","1901 Junipero Serra Blvd, Daly City, CA 94014, USA","https://www.roundtablepizza.com/?olonwp=JjBtp_vMLk25gkYh_bnoiQ"
chain,"Round Table Pizza","pizza_restaurant","2660 San Bruno Ave, San Francisco, CA 94134, USA","https://www.roundtablepizza.com/?olonwp=JjBtp_vMLk25gkYh_bnoiQ"
chain,"Wingstop","chicken_wings_restaurant","22 Chestnut Ave, South San Francisco, CA 94080, USA","https://www.wingstop.com/location/wingstop-550-south-san-francisco-ca-94080/menu?y_source=1_NTUyMDY2NzUtNzE1LWxvY2F0aW9uLndlYnNpdGU%3D"
chain,"Wingstop","chicken_wings_restaurant","227 Lake Merced Blvd, Daly City, CA 94015, USA","https://www.wingstop.com/location/wingstop-517-daly-city-ca-94015/menu?y_source=1_NTUyMDY2NjktNzE1LWxvY2F0aW9uLndlYnNpdGU%3D"
chain,"Wingstop","chicken_wings_restaurant","2665 Geneva Ave, Daly City, CA 94014, USA","https://www.wingstop.com/location/wingstop-2495-daly-city-ca-94014/menu?y_source=1_MTA0NzMxNzQ5Ny03MTUtbG9jYXRpb24ud2Vic2l0ZQ%3D%3D"
chain,"Wingstop","chicken_wings_restaurant","1507 Sloat Blvd, Lakeshore Plaza, San Francisco, CA 94132, USA","https://www.wingstop.com/location/wingstop-2143-san-francisco-ca-94132/menu?y_source=1_NTYwODIzNjMtNzE1LWxvY2F0aW9uLndlYnNpdGU%3D"
format,"Barrera’s Taqueria Taco Truck","mexican_restaurant","801 1/2 Linden Ave, South San Francisco, CA 94080, USA",
format,"Daly Buffet","buffet_restaurant","1901 Junipero Serra Blvd A, Daly City, CA 94014, USA","https://dalybuffet.com/"
format,"El Palenque Taqueria","mexican_restaurant","245 Hillside Blvd, South San Francisco, CA 94080, USA",
format,"Food truck las pencas #1","mexican_restaurant","1655 Mission Rd, South San Francisco, CA 94080, USA",
format,"Guerrero's Taqueria #2","mexican_restaurant","713 Hickey Blvd, Pacifica, CA 94044, USA","https://www.guerrerostaqueria.com/"
format,"Kanto food truck","filipino_restaurant","Building 3, Daly City, CA 94015, USA",
format,"La bonita Food truck","restaurant","Callan Blvd &, King Dr, South San Francisco, CA 94080, USA",
format,"La bonita Food truck","mexican_restaurant","4000 Callan Blvd, South San Francisco, CA 94080, USA",
format,"Las pencas food truck #2","mexican_restaurant","1165 Hillside Blvd, Daly City, CA 94014, USA",
format,"Los Cuates Taqueria","mexican_restaurant","140 Hazelwood Dr, South San Francisco, CA 94080, USA",
format,"Los Cuates Taqueria","mexican_restaurant","311 E Market St, Daly City, CA 94014, USA","https://m.facebook.com/profile.php?id=170041643131634"
format,"Lucky Chances Casino","casino","1700 Hillside Blvd, Colma, CA 94014, USA","http://www.luckychances.com/"
format,"Melissas Taqueria","mexican_restaurant","160 Visitacion Ave, Brisbane, CA 94005, USA","https://melissastaqueria.com/"
format,"Tacos El Charrito Food Truck","mexican_restaurant","7428 Mission St, Daly City, CA 94014, USA",
format,"Taqueria El Buen Sabor","mexican_restaurant","98 Leland Ave, San Francisco, CA 94134, USA",
format,"Taqueria El Farolito","mexican_restaurant","394 Grand Ave, South San Francisco, CA 94080, USA","https://taqueriaelfarolito.shop/"
format,"Taqueria El Gran Amigo","mexican_restaurant","72 B Serramonte Center, Daly City, CA 94015, USA","https://www.taqueriaelgranamigoorder.com/"
format,"Taqueria la Mordida","mexican_restaurant","535 Oceana Blvd, Pacifica, CA 94044, USA","https://www.taquerialamordida.com/"
format,"Taqueria Los Agaves","mexican_restaurant","2408 B Junipero Serra Blvd, Daly City, CA 94015, USA",
format,"Taqueria Mi Durango 2","mexican_restaurant","671 El Camino Real, South San Francisco, CA 94080, USA","https://www.taqueriamidurango.com/"
format,"Taqueria Pacifica","mexican_restaurant","1710 Francisco Blvd, Pacifica, CA 94044, USA","http://taqueriapacifica.lovable.app/"
format,"Taqueria Vallarta","mexican_restaurant","4696 Mission St, San Francisco, CA 94112, USA",
format,"Universal Breakfast & Lunch","breakfast_restaurant","1217 Geneva Ave, San Francisco, CA 94112, USA",
format,"Young Breakfast","restaurant","6012 Mission St, Daly City, CA 94014, USA",
place-type,"Bayside Cafe","breakfast_restaurant","2011 Bayshore Blvd, San Francisco, CA 94124, USA",
place-type,"Cable Car Cafe","breakfast_restaurant","423 Grand Ave, South San Francisco, CA 94080, USA","https://cablecarcafe-ssf.com/"
place-type,"Cafe de Casa","brazilian_restaurant","1165 Airport Blvd, South San Francisco, CA 94080, USA","http://www.cafedecasa.com/"
place-type,"California Catering Company","catering_service","920 Stonegate Dr, South San Francisco, CA 94080, USA","http://california-catering-company.com/"
place-type,"Clean Bites (SFSU)","restaurant","755 Font Blvd #107A, San Francisco, CA 94132, USA","https://campusrec.sfsu.edu/CleanBites"
place-type,"Grand HotPot","hot_pot_restaurant","452 Manor Plaza, Pacifica, CA 94044, USA",
place-type,"Mountain Mike's Pizza","pizza_restaurant","35 Skyline Plaza, Daly City, CA 94015, USA","https://www.mountainmikespizza.com/locations/daly-city-skyline/"
place-type,"Mountain Mike's Pizza","pizza_restaurant","101 Hickey Blvd d, South San Francisco, CA 94080, USA","https://www.mountainmikespizza.com/locations/south-san-francisco-hickey-blvd/"
place-type,"Mountain Mike's Pizza","pizza_restaurant","5999 Mission St, Daly City, CA 94014, USA","https://www.mountainmikespizza.com/locations/daly-city-mission-st/"
place-type,"Palmetto Superfoods - Stonestown Mall","restaurant","3251 20th Ave #156, San Francisco, CA 94132, USA","http://www.palmettosuperfoods.com/"
place-type,"Sidewalk Juice","juice_shop","41 Serramonte Center, Daly City, CA 94015, USA","http://www.sidewalkjuice.com/"
place-type,"The Salad Place & Rotisserie","breakfast_restaurant","5392 Mission St, San Francisco, CA 94112, USA","http://www.thesaladplacerotisserie.com/"
place-type,"The Stop Cafe","breakfast_restaurant","1485 Bayshore Blvd, San Francisco, CA 94124, USA",
closed,"Blondie’s Pizza","pizza_restaurant","3251 20th Ave, San Francisco, CA 94132, USA","https://blondiespizza.com/stonestown/"
closed,"CHOPSTICKS CHINESE FAST FOOD","chinese_restaurant","4615 Mission St, San Francisco, CA 94112, USA",
closed,"Hawaiian Drive Inn","hawaiian_restaurant","128 Hazelwood Dr, South San Francisco, CA 94080, USA","http://www.hawaiiandriveinn.com/"
closed,"Junior’s Empanadas","restaurant","125 Station Ave, Daly City, CA 94014, USA",
closed,"Nali's Place","restaurant","48 Middlefield Dr, San Francisco, CA 94132, USA","https://nalisplace.info/?utm_source=google"
closed,"Noodle Station","chinese_noodle_restaurant","6055 Mission St, Daly City, CA 94014, USA","http://noodlestation.online/"
closed,"Orzo Octagon 3","restaurant","48 Middlefield Dr, San Francisco, CA 94132, USA","https://orzooctagon.xyz/?utm_source=google"
closed,"Paisanos Pacifica","italian_restaurant","442 Manor Plaza, Pacifica, CA 94044, USA","http://www.paisanospacifica.menu/"
closed,"Pares sa Daly City","restaurant","7 San Pedro Rd, Daly City, CA 94014, USA",
closed,"Pokedon","sushi_restaurant","5301 Mission St # B, San Francisco, CA 94112, USA",
closed,"Red Ninja Sushi","japanese_restaurant","3251 20th Ave, San Francisco, CA 94132, USA",
closed,"Shwe Yankin","burmese_restaurant","63 St Francis Square, Daly City, CA 94015, USA","https://shweyankin.com/"
closed,"Supreme Pot","restaurant","3 St Francis Square, Daly City, CA 94015, USA",
closed,"T C Pastry","dim_sum_restaurant","67 St Francis Square, Daly City, CA 94015, USA",
closed,"Tacos Mexico","mexican_restaurant","205 Lawrence Ave, San Francisco, CA 94112, USA",
closed,"The Broken Record","bar","1166 Geneva Ave, San Francisco, CA 94112, USA","http://the-broken-record.teeq.io/"